{
    "extends": "tslint:recommended",
    "rules": {
        "no-console": false,
        "ordered-imports": false,
        "max-line-length": [true, 170],
        "member-access": false,
        "curly": false,
        "trailing-comma": false,
        "interface-name": false,
        "member-ordering": [true, {
            "order": [
                "static-field",
                "instance-field",
                "constructor",
                "public-static-method",
                "public-instance-method",
                "protected-static-method",
                "protected-instance-method",
                "private-instance-method",
                "private-static-method"
            ]
        }],
        "arrow-parens": [true, "ban-single-arg-parens"],
        "object-literal-sort-keys": false
    }
}
